{
    "AllRequest": [
        {
            "request": {
                "channel": "M6",
                "description": "L'ambiance n'est plus la même au sein du Pensionnat du Val : après le règne du chahut, la discipline et la rigueur se sont imposées dans les classes. Malgré des règles strictes connues de tous, le manque de respect manifesté par certains pensionnaires a conduit Monsieur Bignan et les professeurs à prendre des sanctions lourdes à l'égard des éléments perturbateurs. Libérés de leur mauvaise influence, les élèves sont enfin disposés à travailler, et les professeurs dispensés de faire la police. Dans une ambiance studieuse, les enseignants accompagnent les élèves responsables dans leur chemin vers le certificat d'études. L'heure est arrivée pour eux de montrer ce qu'ils ont retenu des différentes matières qui leur ont été enseignées.",
                "category": "Téléréalité"
            }
        },
        {
            "request": [
                {
                    "channel": "TF1"
                },
                {
                    "channel": "NRJ 12"
                },
                {
                    "channel": "M6"
                }
            ]
        }
    ]
}