{
    "AllRequest": [
        {
            "request": {
                "channel": "FRANCE 3",
                "description": "Saison 5, épisode 9/12. \nArrêté par la Milice qui le remet aux Allemands, Daniel est torturé avant d'être mis au cachot avec Marcel. Pendant ce temps, Heinrich et Hortense prennent soin de Gustave et Tequiero, formant avec eux une étrange famille recomposée. Alors qu'Antoine et Marie répètent les rôles principaux de la pièce qu'ils doivent jouer le 11 novembre, Antoine découvre que sa partenaire entretient une liaison avec Raymond. Piqué au vif et contre l'avis de tous, Antoine décide de changer ses plans pour organiser un défilé de la troupe des maquisards dans Villeneuve, au nez et à la barbe de l'occupant...",
                "category": "Série",
                "length": "50"
            }
        },
        {
            "request": [
                {
                    "channel": "TF1"
                },
                {
                    "channel": "NRJ 12"
                },
                {
                    "channel": "M6"
                }
            ]
        }
    ]
}