<grammar version="1.0" xml:lang="fr-FR" mode="voice" root="progtv" xmlns="http://www.w3.org/2001/06/grammar" tag-format="semantics/1.0">
  <rule id="progtv" scope="public">
    <example>Sarah donne moi le programme tv de ce soir</example>
    <tag>out.action=new Object(); </tag>
    <item weight="2">Sarah</item>
    <one-of>
      <item>programme tv<tag>out.action.request="prog"</tag></item>
	  <item>programme télé<tag>out.action.request="prog"</tag></item>
	  <item>liste des programmes<tag>out.action.request="liste"</tag></item>
    </one-of>

<!--  Channels @ -->
  <one-of>
    <item>ARTE<tag>out.action.channel="ART1.kazer.org"</tag></item>
    <item>BFM TV<tag>out.action.channel="BFM1.kazer.org"</tag></item>
    <item>CANAL+<tag>out.action.channel="CAN2.kazer.org"</tag></item>
    <item>Direct 8<tag>out.action.channel="DIR1.kazer.org"</tag></item>
    <item>FRANCE 2<tag>out.action.channel="FRA2.kazer.org"</tag></item>
    <item>FRANCE 3<tag>out.action.channel="FRA3.kazer.org"</tag></item>
    <item>FRANCE 4<tag>out.action.channel="FRA4.kazer.org"</tag></item>
    <item>FRANCE 5<tag>out.action.channel="FRA5.kazer.org"</tag></item>
    <item>FRANCE O<tag>out.action.channel="FRA1.kazer.org"</tag></item>
    <item>GULLI<tag>out.action.channel="GUL1.kazer.org"</tag></item>
    <item>I>TELE<tag>out.action.channel="ITL1.kazer.org"</tag></item>
    <item>M6<tag>out.action.channel="M61.kazer.org"</tag></item>
    <item>NRJ 12<tag>out.action.channel="NRJ1.kazer.org"</tag></item>
    <item>TF1<tag>out.action.channel="TF11.kazer.org"</tag></item>
    <item>TPS STAR<tag>out.action.channel="TPS10.kazer.org"</tag></item>
    <item>W9<tag>out.action.channel="W91.kazer.org"</tag></item>
  </one-of>
<!-- @	 Channels -->

	<one-of>
		<item>ce soir<tag>out.action.time="evening"</tag></item>
		<item>maintenant<tag>out.action.time="now"</tag></item>
		<item>demain soir<tag>out.action.time="tomorowwevening"</tag></item>
    </one-of>

	
    <tag>out.action._attributes.uri="http://127.0.0.1:8080/sarah/progtv";</tag>
  </rule>
</grammar>